,Airline,Country,ISO
0,Heston Airlines,Lithuania,Lithuania
1,HOP,France,France
2,Aegean Airlines,Greece,Greece
3,Cargo Air,Bulgaria,Bulgaria
4,Air Japan,Japan,Japan
5,DC Aviation,Germany,Germany
6,Austrian,Austria,Austria
7,Virgin Atlantic Airways,United Kingdom,United Kingdom
8,Loganair,United Kingdom,United Kingdom
9,KLM ,Netherlands,Netherlands
10,Eurowings GmbH,Germany,Germany
11,Private Wings Flugcharter GmbH,Germany,Germany
12,Volotea,Spain,Spain
13,Global Jet,Switzerland,Switzerland
14,European Air Transport Leipzig GmbH,Germany,Germany
15,Wizz Air UK,United Kingdom,United Kingdom
16,Eurowings Discover,Germany,Germany
17,Air Serbia,Serbia,Serbia
18,Tassili Airlines,Algeria,Algeria
19,Air Nostrum,Spain,Spain
20,Jet2.com,United Kingdom,United Kingdom
21,Trade Air,Croatia,Croatia
22,Flexjet Europe,Malta,Malta
23,CityJet,Ireland,Ireland
24,DHL Air UK,United Kingdom,United Kingdom
25,SundAir,Germany,Germany
26,Plus Ultra,Spain,Spain
27,Brussels Airlines,Belgium,Belgium
28,Nicholas Air,USA,United States
29,Air Dolomiti,Italy,Italy
30,DAS Private Jets GmbH,Germany,Germany
31,Excellent Air GmbH,Germany,Germany
32,Zimex Aviation,Switzerland,Switzerland
33,PADAVIATION,Germany,Germany
34,Air Austral,Reunion,Réunion
35,Buzz,Poland,Poland
36,Jet Time,Denmark,Denmark
37,Lufthansa CityLine,Germany,Germany
38,Luxair,Luxembourg,Luxembourg
39,Swiss International Air Lines,Switzerland,Switzerland
40,Atlantic Airways,isl,Iceland
41,Exxaero,Netherlands,Netherlands
42,BA Euroflyer,United Kingdom,United Kingdom
43,Panaviatic AS,Estonia,Estonia
44,TUI fly ,Netherlands,Netherlands
45,Flybe ,Sweden,Sweden
46,Flybe ,United Kingdom,United Kingdom
47,Vueling,Spain,Spain
48,CMA CGM Air Cargo,France,France
49,ECAir,Congo,Congo
50,easyJet ,United Kingdom,United Kingdom
51,Trans Maldivian Airways,Maldives,Maldives
52,Avion Express,Lithuania,Lithuania
53,Hifly,Portugal,Portugal
54,TUI Airways,United Kingdom,United Kingdom
55,Sprintair,Poland,Poland
56,SmartLynx Airlines,Latvia,Latvia
57,Condor,Germany,Germany
58,Air Senegal,Senegal,Senegal
59,Iberia L.A.E,Spain,Spain
60,EuroAtlantic Airways,Portugal,Portugal
61,Blue Islands,isl,Iceland
62,Air Baltic,Latvia,Latvia
63,Platoon Aviation GmbH,Germany,Germany
64,Platoon Aviation GmbH,Germany,Germany
65,Chair Airlines,Switzerland,Switzerland
66,European Cargo,United Kingdom,United Kingdom
67,German Airways,Germany,Germany
68,French Bee,France,France
69,Air Macau,China,China
70,Bamboo Airways,Vietnam,Viet Nam
71,DHL Bahrain,Emirates,United Arab Emirates
72,Lufthansa Cargo,Germany,Germany
73,Air Atlanta Icelandic,Iceland,Iceland
74,Eisele Flugdienst / e-aviation,Germany,Germany
75,DAT LT,Lithuania,Lithuania
76,Challenge Airlines ,Belgium,Belgium
77,CargoLogicAir ,United Kingdom,United Kingdom
78,Malta Air France / Ryanair,France,France
79,Cargolux,Luxembourg,Luxembourg
80,FLY7,Switzerland,Switzerland
81,Silver Cloud Air,Germany,Germany
82,SunExpress,Turkey,Turkey
83,Air France,France,France
84,Aerologic,Germany,Germany
85,Malta Air,Malta,Malta
86,DHL Air ,Austria,Austria
87,Portugalia Airlines,Portugal,Portugal
88,Portugalia Airlines,Portugal,Portugal
89,Businesswings,Germany,Germany
90,ASL Airlines Belgium,Belgium,Belgium
91,Helvetic Airways,Switzerland,Switzerland
92,Level France,France,France
93,Eurowings Europe Ltd,Malta,Malta
94,Sky Express,Greece,Greece
95,VipJets ,Austria,Austria
96,Wizz Air,Hungary,Hungary
97,RVL Group,United Kingdom,United Kingdom
98,Corendon Airlines,Turkey,Turkey
99,Aircalin,Caledonia,New Caledonia
100,LOT Polish Airlines,Poland,Poland
101,easyJet ,Italy,Italy
102,easyJet ,Italy,Italy
103,Test,Algeria,Algeria
104,Greater Bay Airlines,Kong,Hong Kong
105,FAI rent-a-jet,Germany,Germany
106,Nippon Cargo ,Japan,Japan
107,ETF Airways,Croatia,Croatia
108,Air Arabia Maroc,Morocco,Morocco
109,Titan Airways,United Kingdom,United Kingdom
110,Aurigny Air Services,United Kingdom,United Kingdom
111,Air Astana,Kazakhstan,Kazakhstan
112,TWINJET,France,France
113,Carpatair,Romania,Romania
114,Air Hamburg Luftverkehrsgesellschaft mbH,Germany,Germany
115,Air CaraÃ¯bes Atlantique,France,France
116,Tui fly Belgium ,Belgium,Belgium
117,Emirates,Emirates,United Arab Emirates
118,Easyjet ,Netherlands,Netherlands
119,Arcus Air,Germany,Germany
120,Wideroe's Flyveselskap AS,Norway,Norway
121,Aero Trans Cargo,Moldova,"Moldova, Republic of"
122,Luxembourg Air Rescue,Luxembourg,Luxembourg
123,Alaska Airlines,USA,United States
124,Air Cote Divoire,Coast,"Tanzania, United Republic of"
125,Sun Air Of Scandinavia,Denmark,Denmark
126,Aer Lingus ,United Kingdom,United Kingdom
127,Aer Lingus ,United Kingdom,United Kingdom
128,Belair Airlines ,Switzerland,Switzerland
129,Jet Aviation,Switzerland,Switzerland
130,Edelweiss Air,Switzerland,Switzerland
131,Pegasus Airlines,Turkey,Turkey
132,Enter Air,Poland,Poland
133,Avion Express Malta,Malta,Malta
134,Air Albania,Albania,Albania
135,SmartLynx Malta,Malta,Malta
136,ACT AIRLINES,Turkey,Turkey
137,Animawings,Romania,Romania
138,Wizzair ,United Kingdom,United Kingdom
139,Eurowings Europe GmbH ,Austria,Austria
140,Albinati Aeronautics,Switzerland,Switzerland
141,Finnair,Finland,Finland
142,Lauda Europe ,United Kingdom,United Kingdom
143,Transavia,Netherlands,Netherlands
144,Bluebird Cargo,Iceland,Iceland
145,Avanti Air,Germany,Germany
146,Lufthansa German Airlines,Germany,Germany
147,Regourd Aviation,France,France
148,Swiftair,Spain,Spain
149,Air Belgium,Belgium,Belgium
150,Qatar Executive,Qatar,Qatar
151,Qatar Airways,Qatar,Qatar
152,Lauda Europe,Malta,Malta
153,GetJet Airlines,Lithuania,Lithuania
154,Swiss Flight Services SA,Switzerland,Switzerland
155,Netjets Europe,Portugal,Portugal
156,Ryanair,Ireland,Ireland
157,Aer Lingus ,Ireland,Ireland
158,Sunclass Airlines,Denmark,Denmark
159,Star Air ,Denmark,Denmark
160,Blom Norway,Norway,Norway
161,Air Arabia,Emirates,United Arab Emirates
162,Turkish Airlines,Turkey,Turkey
163,Luxaviation Germany,Germany,Germany
164,IXAIR,France,France
165,DAT ,Denmark,Denmark
166,Spirit Airlines,USA,United States
167,Skybus,United Kingdom,United Kingdom
168,Cimber A/S,Denmark,Denmark
169,Emerald Airlines,Ireland,Ireland
170,Hyperion Aviation,Malta,Malta
171,2 Excel Aviation,United Kingdom,United Kingdom
172,Easyjet ,Germany,Germany
173,Norwegian,Norway,Norway
174,Skyborne Airline Academy,United Kingdom,United Kingdom
175,DHL Air Austria,Austria,Austria
176,Wizz Air Abu Dhabi,Emirates,United Arab Emirates
177,Wizz Air Abu Dhabi,Emirates,United Arab Emirates
178,Wamos Air,Spain,Spain
179,Icelandair,Iceland,Iceland
180,Valljet,France,France
181,ABS Jets,Republic,Russian Federation
182,flydubai,Emirates,United Arab Emirates
183,ASL Airlines ,Ireland,Ireland
184,Citilink Indonesia,Indonesia,Indonesia
185,Nomad Aviation,Switzerland,Switzerland
186,Air New Zealand,Zealand,New Zealand
187,Fly Air41,Croatia,Croatia
188,Gama Aviation Ltd,United Kingdom,United Kingdom
189,Braathens Regional Airways ,Sweden,Sweden
190,Mena Cargo,Emirates,United Arab Emirates
191,Texal Air,Emirates,United Arab Emirates
192,Transavia France,France,France
193,Maleth-Aero,Malta,Malta
194,Valair Private Jets,Portugal,Portugal
195,BA CityFlyer,United Kingdom,United Kingdom
196,Aura Airlines,Spain,Spain
197,VistaJet,Malta,Malta
198,Easyjet German Contract,Germany,Germany
199,Delta Air Lines,USA,United States
200,TL Aviation GmbH,Germany,Germany
201,Luebeck Air,Germany,Germany
202,Air Est,Estonia,Estonia
203,Cityjet Estonia ,Estonia,Estonia
204,easyJet Switzerland,Switzerland,Switzerland
205,Harmony Jets,Malta,Malta
206,Olympus Airbus ,Greece,Greece
207,Salam Air,Oman,Oman
208,Jazeera Airways,Kuwait,Kuwait
209,Blubird Nordic,Iceland,Iceland
210,Copa Airlines,Panama,Panama
211,Aerowest,Germany,Germany
212,Latam Airlines,Brazil,Brazil
213,Air Caledonie,Caledonia,New Caledonia
214,Air Caledonie,Caledonia,New Caledonia
215,LEVEL Europe ,Austria,Austria
216,Virgin America ,USA,United States
217,Tyrolean Jet Services,Austria,Austria
218,Global Supply Systems ,United Kingdom,United Kingdom
219,West Atlantic UK,United Kingdom,United Kingdom
220,SAS Ireland,Ireland,Ireland
221,Meridiana Fly ,Italy,Italy
222,Blue Panorama Airlines,Italy,Italy
223,Great Dane Airlines,Denmark,Denmark
224,ACM Air Charter,Germany,Germany
225,ASL,Belgium,Belgium
226,Beijing Capital Airline ,China,China
227,Beijing Capital Airline ,China,China
228,Lalona Air ,Germany,Germany
229,FTE Jerez,Spain,Spain
230,Neos,Italy,Italy
231,Medavia,Malta,Malta
232,Cargologic Germany,Germany,Germany
233,Alitalia,Italy,Italy
234,Iberia Express,Spain,Spain
235,Royal Air Maroc,Morocco,Morocco
236,Surinam Airways,Suriname,Suriname
237,Air Antilles Express,Guadeloupe,France
238,TUIfly,Germany,Germany
239,Northwings GmbH,Germany,Germany
240,JETSTAR,Australia,Australia
241,"Hello

I recently visited your site  ppjn.com  from a Google search using the Google chrome browser. 

I wanted to reach out as I noticed it displayed a not secure warning just to the left of where the url is displayed, rather than the usual padlock icon you see on similar sites to yours. Do you get that as well when you visit your site? If you read on Google's support site they tell you more about it here https://support.google.com/chrome/answer/95617

It kinda put me off but then I thought it is usually a simple fix, so thought I would reach out and tell you. Usually you just update your ssl certificate and it instantly increases your credability online so people work with you not the competition. 

I don't tend to get involved in things like this but my good friend Kim over at fixhackedsite tells me it is a simple fix that you can do yourself or she can help you with.

If you need any help with it reach out to her at help@fixssl.on.spiceworks.com

Thank you, and I hope your site appears more secure soon to increase website visitor trust,
Bryan",Bryan,
242,Cathay Pacific,Kong,Hong Kong
243,Silkway West Airlines,Azerbaijan,Azerbaijan
244,Bluebird,Greece,Greece
245,Woodgate Aviation,United Kingdom,United Kingdom
246,DragonFly Executive Air Charter,United Kingdom,United Kingdom
247,Stobart Air ,Ireland,Ireland
248,AHK Air Hong Kong limited,Kong,Hong Kong
249,Nyx Air,Estonia,Estonia
250,easyJet ,Portugal,Portugal
251,American,USA,United States
252,United Airlines,USA,United States
253,Onur Air,Turkey,Turkey
254,Thales UK ,United Kingdom,United Kingdom
255,T6 Harvard Aviation ,United Kingdom,United Kingdom
256,Stapleford Flight Centre ,United Kingdom,United Kingdom
257,Premier Flight Training ,United Kingdom,United Kingdom
258,West London Aero Club,United Kingdom,United Kingdom
259,Turweston Flying Club ,United Kingdom,United Kingdom
260,Yorkshire Aero Club ,United Kingdom,United Kingdom
261,Headcorn Aerodrome ,United Kingdom,United Kingdom
262,Specialist Flight Training ,United Kingdom,United Kingdom
263,Aeroflot,Russia,Russian Federation
264,Aircraft Differences Training ,United Kingdom,United Kingdom
265,Jota Aviation,United Kingdom,United Kingdom
266,Herefordshire Aero Club ,United Kingdom,United Kingdom
267,Peterborough Flying School,United Kingdom,United Kingdom
268,FOXY Air Service,United Kingdom,United Kingdom
269,Executive Jet Charter,United Kingdom,United Kingdom
270,Freedom Aviation ,United Kingdom,United Kingdom
271,LyddAir,United Kingdom,United Kingdom
272,Flight Safety ,United Kingdom,United Kingdom
273,Harvard Flight Centres ,United Kingdom,United Kingdom
274,Highland Aviation ,United Kingdom,United Kingdom
275,Pilots Paradise ,United Kingdom,United Kingdom
276,IAS Medical,United Kingdom,United Kingdom
277,The Pilot Centre ,United Kingdom,United Kingdom
278,Jamplub,Kenya,Kenya
279,Alitalia Cityliner,Italy,Italy
280,Bookajet,United Kingdom,United Kingdom
281,Arena Jet,United Kingdom,United Kingdom
282,Boeing UK Training and Flight Services ,United Kingdom,United Kingdom
283,Southend Flying Club ,United Kingdom,United Kingdom
284,Aviatica ,United Kingdom,United Kingdom
285,Evelop,Spain,Spain
286,Sirio,United Kingdom,United Kingdom
287,Eagle European,United Kingdom,United Kingdom
288,Classic Wings Flight Training ,United Kingdom,United Kingdom
289,CRM Aviation Europe ,United Kingdom,United Kingdom
290,The Little Jet Company,United Kingdom,United Kingdom
291,SaxonAir,United Kingdom,United Kingdom
292,Zenith Aviation,United Kingdom,United Kingdom
293,Pen-Avia,United Kingdom,United Kingdom
294,Zephyr Aviation,United Kingdom,United Kingdom
295,Fly Wales,United Kingdom,United Kingdom
296,British Aviation Academy ,United Kingdom,United Kingdom
297,Catreus Ltd,United Kingdom,United Kingdom
298,Catreus Ltd,United Kingdom,United Kingdom
299,Air Task,United Kingdom,United Kingdom
300,Ravenair,United Kingdom,United Kingdom
301,DEA Aviation,United Kingdom,United Kingdom
302,Devon And Somerset Flight Training ,United Kingdom,United Kingdom
303,Jet Exchange,United Kingdom,United Kingdom
304,Britten-Norman ,United Kingdom,United Kingdom
305,Eastern Airways,United Kingdom,United Kingdom
306,Central Flight Training ,United Kingdom,United Kingdom
307,Cirrus Advanced Flight Training ,United Kingdom,United Kingdom
308,CAE London Burgess Hill ,United Kingdom,United Kingdom
309,Air Iceland,Iceland,Iceland
310,BinAir Aero Service GmbH,Germany,Germany
311,Alto Aerospace,United Kingdom,United Kingdom
312,Atlas Global ,Turkey,Turkey
313,CSA Czech Airlines,Republic,Russian Federation
314,Norwegian Long Haul,Norway,Norway
315,Orange2Fly,Greece,Greece
316,La Compagnie,France,France
317,PSA,USA,United States
318,Oman Air,Oman,Oman
319,Laudamotion,Malta,Malta
320,SunExpress Deutschland GmbH ,Germany,Germany
321,Air X Charter,Malta,Malta
322,Westair Aviation,Namibia,Namibia
323,Volotea Airlines,Spain,Spain
324,Air Namibia ,Namibia,Namibia
325,WestJet,Canada,Canada
326,Air Asia,Malaysia,Malaysia
327,Winair,Antilles,
328,Thai Airways,Thailand,Thailand
329,Air Mauritus,Mauritius,Mauritius
330,Thomas Cook Airlines Balearics,Spain,Spain
331,Blue Air,Romania,Romania
332,Terra Avia,Moldova,"Moldova, Republic of"
333,Jetfly,Luxembourg,Luxembourg
334,easyJet ,France,France
335,SkyUp Airlines,Ukraine,Ukraine
336,ASKY,Togo,Togo
337,ASKY,Togo,Togo
338,"Nordic Regional Airlines, Norra",Finland,Finland
339,AstonJet,France,France
340,Montenegro Airlines ,Montenegro,Montenegro
341,FlyBy ,Spain,Spain
342,Nordica,Estonia,Estonia
343,Regional Air Lines,Morocco,Morocco
344,Ukraine International Airlines,Ukraine,Ukraine
345,Air Charter Scotland,United Kingdom,United Kingdom
346,Holiday Europe,Bulgaria,Bulgaria
347,Olympic Air,Greece,Greece
348,Korean Air,Korea,"Korea, Democratic People's Republic of"
349,KLM Cityhopper,Netherlands,Netherlands
350,ASL Airlines France ,France,France
351,Braathens Regional Airlines ,Sweden,Sweden
352,Cathay Dragon ,Kong,Hong Kong
353,easyJet Europe Airline GmbH,Austria,Austria
354,Scoot,Singapore,Singapore
355,Singapore Airlines,Singapore,Singapore
356,Air Busan,Korea,"Korea, Democratic People's Republic of"
357,Go Fly Oxford ,United Kingdom,United Kingdom
358,Luxaviation Group Luxembourg,Luxembourg,Luxembourg
359,AirTanker,United Kingdom,United Kingdom
360,Virgin Australia Regional Airlines,Australia,Australia
361,Malindo Air,Malaysia,Malaysia
362,Southwest Airlines,USA,United States
363,Etihad Airways,Emirates,United Arab Emirates
364,Skymark Airlines,Japan,Japan
365,Travel Carrier Network ,Germany,Germany
366,Flyschool ,Spain,Spain
367,Air Alsie denmark,Denmark,Denmark
368,Egnatia Aviation ,Greece,Greece
369,Gp6ktL https://xnxxx.web.fc2.com/ xnxx,xnxx,
370,ALFA AIR,Morocco,Morocco
371,Air Peace Airline,Nigeria,Nigeria
372,Conviasa,Venezuela,"Venezuela, Bolivarian Republic of"
373,Eurolink,Germany,Germany
374,Go2Sky,Republic,Russian Federation
375,Xiamen Airlines,China,China
376,ExpressJet Airlines,USA,United States
377,White Airways,Portugal,Portugal
378,SF Cargo Express,China,China
379,SF Cargo Express,China,China
380,Astral Aviation,Kenya,Kenya
381,Aurora,Russia,Russian Federation
382,Corsair,France,France
383,WestJet Encore,Canada,Canada
384,Pakistan International Airlines,Pakistan,Pakistan
385,samaGe https://xnxxx.web.fc2.com/ xnxx,xnxx,
386,Cebu Pacific,Philippines,Philippines
387,VietJet Air,Vietnam,Viet Nam
388,Smartwings,Republic,Russian Federation
389,MS Aviation,Africa,South Africa
390,TAP Air Portugal,Portugal,Portugal
391,Kuwait Airways,Kuwait,Kuwait
392,SAS Scandinavian Airlines,Denmark,Denmark
393,Air Blue,Pakistan,Pakistan
394,Qantas,Australia,Australia
395,Air Europa,Spain,Spain
396,Voyage Air,Bulgaria,Bulgaria
397,Air Europa Express,Spain,Spain
398,Fly 540 Africa,Kenya,Kenya
399,HiSky Moldova,Moldova,"Moldova, Republic of"
400,Corendon Dutch Airlines,Netherlands,Netherlands
401,Air Greenland,Greenland,Greenland
402,RwandAir,Rwanda,Rwanda
403,Air Canada,Canada,Canada
404,Sri Lankan,Lanka,Sri Lanka
405,Fiji Airways,Fiji,Fiji
406,Cobham Aviation Services Australia,Australia,Australia
407,Cityjet Sweden ,Sweden,Sweden
408,Avianca,Colombia,Colombia
409,Jetstar Asia,Singapore,Singapore
410,CityJet ,Finland,Finland
411,Jetstar Pacific,Vietnam,Viet Nam
412,South African Express,Africa,South Africa
413,Air Mauritius,Mauritius,Mauritius
414,LGW Luftfahrtgesellschaft Walter mbH,Germany,Germany
415,GOL LINHAS AEREAS S.A,Brazil,Brazil
416,Walkine,USA,United States
417,Air Antwerp,Belgium,Belgium
418,Air Malta,Malta,Malta
419,Germanwings,Germany,Germany
420,RobertSwits,Ghana,Ghana
421,UTair,Russia,Russian Federation
422,Air Bridge Cargo,Russia,Russian Federation
423,Ural Airlines,Russia,Russian Federation
424,Tiger,Australia,Australia
425,Suparna Airlines,China,China
426,Canaryfly,Spain,Spain
427,Air China Cargo,China,China
428,SHENZHEN EASTERN GENERAL AVIATION ,China,China
429,Tigerair Singapore,Singapore,Singapore
430,Chalair Aviation,France,France
431,EL AL Israel Airlines,Israel,Israel
432,SAS Norge,Norway,Norway
433,Tarom,Romania,Romania
434,Hainan Airlines,China,China
435,Comlux Aviation,Switzerland,Switzerland
436,Clickair ,Spain,Spain
437,Jetflite,Finland,Finland
438,OFD Ostfriesischer-Flug-Dienst,Germany,Germany
439,Malaysia Airlines,Malaysia,Malaysia
440,Air Italy ,Italy,Italy
441,Hong Kong Airlines,Kong,Hong Kong
442,Galistair,Spain,Spain
443,Al Jaber Aviation ,Emirates,United Arab Emirates
444,China Eastern Airlines,China,China
445,China Southern Airlines,China,China
446,AirEst,Estonia,Estonia
447,Fastjet,Tanzania,"Tanzania, United Republic of"
448,Sheffield Aero Club ,United Kingdom,United Kingdom
449,Binter Canarias,Spain,Spain
450,Ernest Airlines ,Italy,Italy
451,WIJET ,France,France
452,Level,Spain,Spain
453,ZQW Aviation Service GmbH,Germany,Germany
454,ZQW Aviation Service GmbH,Germany,Germany
455,Royal Brunei Airlines,Brunei,Brunei Darussalam
456,FlyViking ,Norway,Norway
457,Air Moldova,Moldova,"Moldova, Republic of"
458,Cargolux Italia,Italy,Italy
459,Tunisair,Tunisia,Tunisia
460,Braathens Regional Airlines ,Sweden,Sweden
461,EVA Airways,Taiwan,"Taiwan, Province of China"
462,Nepal Airlines,Nepal,Nepal
463,GlobeAir,Austria,Austria
464,Gulf Air,Bahrain,Bahrain
465,Astra Airlines,Greece,Greece
466,ImperialJet Europe GmbH,Germany,Germany
467,Hawaiian Airlines,USA,United States
468,Goldeck-Flug,Austria,Austria
469,Hong Hong Express,Kong,Hong Kong
470,Air Seychelles,Seychelles,Seychelles
471,Air India,India,India
472,German Private Jet Group AG,Germany,Germany
473,German Private Jet Group AG,Germany,Germany
474,Frontier Airlines,USA,United States
475,Thomas Cook Airlines ,United Kingdom,United Kingdom
476,Egypt Air,Egypt,Egypt
477,Sriwijaya Air,Indonesia,Indonesia
478,Croatia Airlines,Croatia,Croatia
479,AIGLE AZUR ,France,France
480,ScanWings,Finland,Finland
481,Adria Airways,Slovenia,Slovenia
482,XL Airways France,France,France
483,Abelag Aviation / Luxaviation Belgium,Belgium,Belgium
484,Nesma Airlines,Egypt,Egypt
485,Nordica ,Estonia,Estonia
486,AIS Airlines,Netherlands,Netherlands
487,Mesa,USA,United States
488,Asiana Airlines,Korea,"Korea, Democratic People's Republic of"
489,Air Cargo Global,Republic,Russian Federation
490,Bulgarian Air Charter,Bulgaria,Bulgaria
491,Air Transat,Canada,Canada
492,Ellinair,Greece,Greece
493,Titan Airways Ltd,United Kingdom,United Kingdom
494,Aeropartner,Republic,Russian Federation
495,Airnorth,Australia,Australia
496,FlyinGroup,Belgium,Belgium
497,MS AVIATION,Austria,Austria
498,ESMA Aviation,France,France
499,Compass Airlines,USA,United States
500,Luxaviation UK,United Kingdom,United Kingdom
